Workbook

Sheet Sheet1
A1: ID | B1: 유형분류 | C1: 위치 | D1: 기정 | E1: 변경 | F1: 변경사유 | G1: 1 | H1: 2 | I1: 3 | J1: 4 | K1: 5 | L1: 6 | M1: 7 | N1: 8 | O1: 9 | P1: 10 | Q1: 11 | R1: 12 | S1: 13 | T1: 14 | U1: 15 | V1: 16 | W1: 17 | X1: 18 | Y1: 19 | Z1: 20 | AA1: 이미지1 | AB1: 이미지2
A2: =B2 -> A-가평-001-1 | B2: A-가평-001-1 | C2: 경기도 가평군 가평읍 읍내리 683일원 | D2: 자연녹지지역 | E2: 제2종일반주거지역 | F2: 장기미집행시설로 해제된 시설에 대해 선형을 변경하여 재결정하고자 하는 사항으로 군계획시설(소로2-100) 경계를 기준으로 용도지역 경계설정 기준에 부합하도록 주거지역 및 녹지지역 경계 변경 | G2: =Sheet2!V7 -> 4102 | H2: =Sheet2!X7 -> 145 | I2: =Sheet2!W7 -> 3395 | J2: =Sheet2!Y7 -> 0 | K2: =Sheet2!Z7 -> 562 | L2: =G2 -> 4102 | M2: =H2 -> 145 | N2: =I2 -> 3395 | O2: =J2 -> 0 | P2: =K2 -> 562 | Q2: =L2 -> 4102 | R2: =M2 -> 145 | S2: =N2 -> 3395 | ... Z2: =U2 -> 562 | AA2: D:\손명선 사원\01.과업\24-31-010 2030 가평 군관리계획(재정비) 수립 용역\02.작업\24. 용도지역 농지 관리카드\[A유형]\[이미지]\1\A-가평-001-1.png | AB2: D:\손명선 사원\01.과업\24-31-010 2030 가평 군관리계획(재정비) 수립 용역\02.작업\24. 용도지역 농지 관리카드\[A유형]\[이미지]\2\A-가평-001-1.png
A3: =B3 -> A-청평-003-1 | B3: A-청평-003-1 | C3: 경기도 가평군 청평면 청평리 403-5일원 | D3: 자연녹지지역 | E3: 준주거지역 | F3: 토지적성평가 마등급(100%), 군계획시설(철도) 폐지된 지역임을 고려하여 용도지역 정형성 확보차원에서 인접 용도지역인 용도지역(준주거지역, 제2종일반주거지역)으로 변경 | G3: =Sheet2!V8 -> 117 | H3: =Sheet2!X8 -> 117 | I3: =Sheet2!W8 -> 0 | J3: =Sheet2!Y8 -> 0 | K3: =Sheet2!Z8 -> 0 | L3: =G3 -> 117 | M3: =H3 -> 117 | N3: =I3 -> 0 | O3: =J3 -> 0 | P3: =K3 -> 0 | Q3: =L3 -> 117 | R3: =M3 -> 117 | S3: =N3 -> 0 | ... Z3: =U3 -> 0 | AA3: D:\손명선 사원\01.과업\24-31-010 2030 가평 군관리계획(재정비) 수립 용역\02.작업\24. 용도지역 농지 관리카드\[A유형]\[이미지]\1\A-청평-003-1.png | AB3: D:\손명선 사원\01.과업\24-31-010 2030 가평 군관리계획(재정비) 수립 용역\02.작업\24. 용도지역 농지 관리카드\[A유형]\[이미지]\2\A-청평-003-1.png
A4: =B4 -> A-청평-003-2 | B4: A-청평-003-2 | C4: 경기도 가평군 청평면 청평리 79-56일원 | D4: 자연녹지지역 | E4: 제2종일반주거지역 | F4: 토지적성평가 마등급(100%), 군계획시설(철도) 폐지된 지역임을 고려하여 용도지역 정형성 확보차원에서 인접 용도지역인 용도지역(준주거지역, 제2종일반주거지역)으로 변경 | G4: =Sheet2!V9 -> 902 | H4: =Sheet2!X9 -> 115 | I4: =Sheet2!W9 -> 787 | J4: =Sheet2!Y9 -> 0 | K4: =Sheet2!Z9 -> 0 | L4: =G4 -> 902 | M4: =H4 -> 115 | N4: =I4 -> 787 | O4: =J4 -> 0 | P4: =K4 -> 0 | Q4: =L4 -> 902 | R4: =M4 -> 115 | S4: =N4 -> 787 | ... Z4: =U4 -> 0 | AA4: D:\손명선 사원\01.과업\24-31-010 2030 가평 군관리계획(재정비) 수립 용역\02.작업\24. 용도지역 농지 관리카드\[A유형]\[이미지]\1\A-청평-003-2.png | AB4: D:\손명선 사원\01.과업\24-31-010 2030 가평 군관리계획(재정비) 수립 용역\02.작업\24. 용도지역 농지 관리카드\[A유형]\[이미지]\2\A-청평-003-2.png

Sheet Sheet2
A1: ■ 농지전용협의 총괄표 | G1: ※ 농지협의요청서 상 합계면적(9,100.0㎡)과 아래 총괄표 상 총면적(6,995.0㎡)의 차이면적(2,105㎡)은 군계획시설에 대한 농지협의 대상과 중복되어 용도지역에 대한 농지협의 면적에서 제외하였음 | AC1: (단위 : ㎡)
A2: 구분 | B2: 용도지역 | F2: 총면적 | G2: 농 지 (㎡) | AA2: 비 농 지 (㎡) | AB2: 소유자 | AC2: 비 고 (경지정리 편입면적)
G3: 계 (A+B+C) | L3: 농업진흥구역 (A) | Q3: 농업보호구역 (B) | V3: 진흥지역밖 (C)
G4: 계 | H4: 답 | I4: 전 | J4: 과 | K4: 농지개량시설 | L4: 소계 | M4: 답 | N4: 전 | O4: 과 | P4: 농지개량시설 | Q4: 소계 | R4: 답 | S4: 전 | T4: 과 | U4: 농지개량시설 | V4: 소계 | W4: 답 | X4: 전 | Y4: 과 | Z4: 농지개량시설
A5: 총계 | F5: 6995 | G5: 5121 | H5: 4182 | I5: 377 | J5: 0 | K5: 562 | L5: 0 | M5: 0 | N5: 0 | O5: 0 | P5: 0 | Q5: 0 | R5: 0 | S5: 0 | T5: 0 | U5: 0 | V5: 5121 | W5: 4182 | X5: 377 | Y5: 0 | Z5: 562 | AA5: 1874
A6: 용도지역 | D6: 소계 | F6: 6995 | G6: 5121 | H6: 4182 | I6: 377 | J6: 0 | K6: 562 | L6: 0 | M6: 0 | N6: 0 | O6: 0 | P6: 0 | Q6: 0 | R6: 0 | S6: 0 | T6: 0 | U6: 0 | V6: 5121 | W6: 4182 | X6: 377 | Y6: 0 | Z6: 562 | AA6: 1874 | AC6: 0
A7: 1 | B7: A-가평-001-1 (가평읍 읍내리 683번지 외 20필지) | F7: 4967 | G7: 4102 | H7: 3395 | I7: 145 | J7: 0 | K7: 562 | L7: 0 | M7: 0 | N7: 0 | O7: 0 | P7: 0 | Q7: 0 | R7: 0 | S7: 0 | T7: 0 | U7: 0 | V7: 4102 | W7: 3395 | X7: 145 | Y7: 0 | Z7: 562 | AA7: 865 | AE7: A-가평-001-1
A8: 2 | B8: A-청평-003-1 (청평면 청평리 403-12번지 외 5필지) | F8: 833 | G8: 117 | H8: 0 | I8: 117 | J8: 0 | K8: 0 | L8: 0 | M8: 0 | N8: 0 | O8: 0 | P8: 0 | Q8: 0 | R8: 0 | S8: 0 | T8: 0 | U8: 0 | V8: 117 | W8: 0 | X8: 117 | Y8: 0 | Z8: 0 | AA8: 716 | AE8: A-청평-003-1
A9: 3 | B9: A-청평-003-2 (청평면 청평리 79-124번지 외 12필지) | F9: 1195 | G9: 902 | H9: 787 | I9: 115 | J9: 0 | K9: 0 | L9: 0 | M9: 0 | N9: 0 | O9: 0 | P9: 0 | Q9: 0 | R9: 0 | S9: 0 | T9: 0 | U9: 0 | V9: 902 | W9: 787 | X9: 115 | Y9: 0 | Z9: 0 | AA9: 293 | AE9: A-청평-003-2
